{"cameraMode":{"drawMode":0,"name":"Shaded","section":"Shading Mode"},"sceneLighting":true,"audioPlay":false,"sceneViewState":{"showFog":true,"showMaterialUpdate":false,"showSkybox":true,"showFlares":true,"showImageEffects":true,"showParticleSystems":true},"in2DMode":false,"pivot":{"x":1.399999976158142,"y":0.49223649501800539,"z":0.4263326823711395},"rotation":{"x":-0.3167620897293091,"y":0.18394146859645844,"z":-0.06276511400938034,"w":-0.9283910989761353},"size":4.551124572753906,"orthographic":false}