{"cameraMode":{"drawMode":0,"name":"Shaded","section":"Shading Mode"},"sceneLighting":false,"audioPlay":false,"sceneViewState":{"showFog":true,"showMaterialUpdate":false,"showSkybox":false,"showFlares":true,"showImageEffects":true,"showParticleSystems":true},"in2DMode":false,"pivot":{"x":0.6702256202697754,"y":1.1449999809265137,"z":1.1600003242492676},"rotation":{"x":-0.00563468923792243,"y":0.9932566285133362,"z":-0.10197586566209793,"w":-0.05488286167383194},"size":3.7654221057891847,"orthographic":false}